<?xml version="1.0" encoding="UTF-8"?>
<project-private xmlns="http://www.netbeans.org/ns/project-private/1">
    <editor-bookmarks xmlns="http://www.netbeans.org/ns/editor-bookmarks/2" lastBookmarkId="0"/>
    <open-files xmlns="http://www.netbeans.org/ns/projectui-open-files/2">
        <group>
            <file>file:/home/jordan/Documents/NetBeans/Projects/MessingAround/src/messingaround/encryptMessage.java</file>
            <file>file:/home/jordan/Documents/NetBeans/Projects/MessingAround/src/messingaround/PackageDAO.java</file>
            <file>file:/home/jordan/Documents/NetBeans/Projects/MessingAround/src/messingaround/Block.java</file>
            <file>file:/home/jordan/Documents/NetBeans/Projects/MessingAround/src/messingaround/decryptMessage.java</file>
            <file>file:/home/jordan/Documents/NetBeans/Projects/MessingAround/src/messingaround/MessingAround.java</file>
            <file>file:/home/jordan/Documents/NetBeans/Projects/MessingAround/src/messingaround/Package.java</file>
            <file>file:/home/jordan/Documents/NetBeans/Projects/MessingAround/src/messingaround/Utils.java</file>
        </group>
    </open-files>
</project-private>
